exp100,run1,47.467740297317505
exp100,run1,59.75974130630493
exp101,run1,59.53966999053955
exp102,run1,76.97359299659729
exp103,run1,60.4579963684082
exp100,run1,60.91758751869202
exp101,run1,158.56715869903564
exp102,run1,19.657148361206055
exp103,run1,26.47644567489624
exp104,run1,26.171303749084473
exp105,run1,27.71979808807373
exp106,run1,27.564597129821777
exp107,run1,27.59376096725464
exp108,run1,28.360942602157593
exp109,run1,46.779438972473145
exp110,run1,47.14763355255127
exp111,run1,47.406829833984375
exp112,run1,50.223227739334106
exp113,run1,49.8692991733551
exp114,run1,49.89794373512268
exp100,run1,64.22872471809387
exp100,run1,57.065982818603516
exp101,run1,56.989232778549194
exp102,run1,15.891237735748291
exp100,run1,52.7126305103302
exp101,run1,172.44124960899353
exp102,run1,15.934561252593994
exp103,run1,18.87018346786499
exp104,run1,19.52309823036194
exp105,run1,19.178449153900146
exp106,run1,19.951090574264526
exp107,run1,19.428005933761597
exp108,run1,21.37834095954895
exp109,run1,29.8926944732666
exp110,run1,30.422813892364502
exp111,run1,30.7431743144989
exp112,run1,33.19941759109497
exp113,run1,32.42339301109314
exp114,run1,31.289702892303467
exp100,run1,50.3539834022522
exp101,run1,54.293299436569214
exp102,run1,92.03927063941956
exp103,run1,96.89060044288635
exp104,run1,71.53493928909302
exp105,run1,188.95871591567993
exp106,run1,164.21397638320923
exp107,run1,169.7323703765869
exp108,run1,174.74515318870544
exp109,run1,174.41727709770203
exp110,run1,176.9918441772461
exp111,run1,15.678163051605225
exp102,run1,87.85381817817688
exp103,run1,97.51822829246521
exp104,run1,77.45691061019897
exp105,run1,19.1926589012146
exp106,run1,126.76653242111206
exp107,run1,126.79568552970886
exp108,run1,34.94932317733765
exp109,run1,92.97549033164978
exp110,run1,86.78925633430481
exp111,run1,97.87894225120544
exp112,run1,98.69942045211792
exp106,run1,19.212579250335693
exp107,run1,18.27355122566223
exp100,run1,806.0232572555542
exp101,run1,859.0803472995758
exp102,run1,1315.234478712082
exp103,run1,1248.7164981365204
exp104,run1,1318.765839099884
exp105,run1,533.7266011238098
exp106,run1,259.3683145046234
exp107,run1,263.99154567718506
exp108,run1,253.45770740509033
exp109,run1,251.63606595993042
exp110,run1,1395.207503080368
exp111,run1,1401.5577111244202
exp112,run1,1407.559351682663
exp113,run1,1363.5990629196167
exp114,run1,1360.382521867752
exp115,run1,1305.9234054088593
exp116,run1,1249.0789535045624
exp117,run1,265.82821702957153
exp118,run1,264.61169815063477
exp119,run1,2584.990669488907
exp120,run1,2498.114232778549
exp121,run1,223.7945683002472
exp122,run1,236.5799150466919
exp123,run1,276.40873885154724
exp124,run1,284.36036467552185
exp125,run1,278.15495347976685
exp126,run1,308.7544128894806
exp127,run1,291.487233877182
exp128,run1,306.44139337539673
exp129,run1,292.57917833328247
exp130,run1,308.62773609161377
exp131,run1,292.39125323295593
exp132,run1,291.9001865386963
exp133,run1,457.57511353492737
exp134,run1,465.51287174224854
exp135,run1,462.04352736473083
exp136,run1,510.2490303516388
exp137,run1,496.7625494003296
exp138,run1,458.54334807395935
exp139,run1,1361.4641454219818
exp140,run1,703.8434534072876
exp141,run1,962.594883441925
exp142,run1,1511.6040544509888
exp143,run1,1417.198970079422
exp144,run1,788.1918213367462
exp145,run1,834.1626172065735
exp146,run1,1352.232991695404
exp147,run1,205.96772003173828
exp148,run1,194.4498052597046
exp149,run1,278.48471903800964
exp150,run1,746.1698169708252
exp151,run1,117.01468777656555
exp152,run1,835.8616664409637
exp153,run1,501.489723443985
exp154,run1,1675.2592499256134
exp155,run1,583.6944561004639
exp156,run1,2946.3360397815704
exp157,run1,209.60199999809265
exp158,run1,228.86321377754211
exp159,run1,299.090580701828
exp160,run1,976.0876715183258
exp161,run1,1417.6496810913086
exp162,run1,303.2629714012146
exp163,run1,313.4047873020172
exp164,run1,324.4359269142151
exp165,run1,336.2769649028778
exp166,run1,344.82136249542236
exp167,run1,322.14597487449646
exp168,run1,340.5920443534851
exp169,run1,342.98784160614014
exp170,run1,353.56745195388794
exp171,run1,158.5083990097046
exp172,run1,167.93527173995972
exp173,run1,326.2454867362976
exp174,run1,317.40358424186707
exp175,run1,1663.0822305679321
exp176,run1,1709.4816937446594
exp177,run1,1732.5984587669373
exp178,run1,330.72995948791504
exp179,run1,455.09210205078125
exp180,run1,454.5484426021576
exp181,run1,254.52295112609863
exp182,run1,207.7439570426941
exp183,run1,285.9074082374573
exp184,run1,307.7823793888092
exp185,run1,327.59290623664856
exp186,run1,843.0388383865356
exp187,run1,1436.7447080612183
exp188,run1,1483.3460631370544
exp189,run1,1057.8031642436981
exp190,run1,1570.252323627472
exp191,run1,1728.014996767044
exp192,run1,1851.1928970813751
exp193,run1,1770.93709897995
exp194,run1,529.3251600265503
exp195,run1,1642.2976422309875
exp196,run1,514.379828453064
exp197,run1,306.63986349105835
exp198,run1,310.0849483013153
exp199,run1,308.0763702392578
exp200,run1,312.52835726737976
exp201,run1,312.1823182106018
exp202,run1,309.5669438838959
exp203,run1,238.75251007080078
exp204,run1,311.9088337421417
exp205,run1,145.62016439437866
exp206,run1,138.10788130760193
exp207,run1,290.49046540260315
exp208,run1,296.9913113117218
exp209,run1,308.89481496810913
exp210,run1,300.42423605918884
exp211,run1,188.86346006393433
exp212,run1,328.64818239212036
exp213,run1,313.8113000392914
exp214,run1,136.17451095581055
exp215,run1,143.5987091064453
exp216,run1,157.87185621261597
exp217,run1,317.941810131073
exp218,run1,327.2790570259094
exp219,run1,307.1408317089081
exp220,run1,225.77843618392944
exp221,run1,299.03294682502747
exp222,run1,299.78889536857605
exp223,run1,238.48887062072754
exp224,run1,204.79835200309753
exp225,run1,219.15738081932068
exp226,run1,222.54632306098938
exp227,run1,330.1297800540924
exp228,run1,314.95118045806885
exp229,run1,294.7849769592285
exp230,run1,225.47505354881287
exp231,run1,296.9213445186615
exp232,run1,234.84586787223816
exp233,run1,206.43783354759216
exp234,run1,217.10179114341736
